blockid,moduleid
1,1
1,2
1,3
1,4
1,5
1,6
1,7
1,8
1,9
1,10
1,11
1,12
1,13
1,14
1,15
1,16
1,17
1,18
1,19
1,20
1,21
1,22
1,23
1,24
2,25
2,26
2,27
2,28
2,29
2,30
2,31
3,32
3,33
3,34
3,35
3,36
3,37
3,38
3,39
4,40
4,41
4,42
4,43
4,44
4,45
4,46
4,47
4,48
4,49
4,50
4,51
4,52
4,53
4,54
4,55
4,56
4,57
4,58
4,59
4,60
4,61
4,62
4,63
4,64
4,65
5,66
5,67
5,68
5,69
5,70
5,71
5,72
5,73
5,74
5,75
5,76
5,77
5,78
5,79
5,80
5,81
5,82
5,83
5,84
5,85
5,86
5,87
5,88
5,89
5,90
5,91
5,92
5,93
5,94
5,95
5,96
5,97
6,98
6,99
6,100
6,101
6,102
6,103
6,104
6,105
7,106
7,107
7,108
7,109
7,110
7,111
7,112
7,113
7,114
7,115
7,116
7,117
8,118
8,119
8,120
8,121
8,122
8,123
8,124
8,125
8,126
8,127
8,128
9,129
9,130
9,131
9,132
9,133
9,134
9,135
9,136
9,137
9,138
9,139
9,140
9,141
9,142
9,143
10,144
10,145
10,146
10,147
10,148
10,149
10,150
10,151
10,152
10,153
10,154
10,155
10,156
10,157
10,158
10,159
10,160
10,161
11,162
11,163
11,164
11,165
11,166
11,167
11,168
11,169
11,170
11,171
12,172
12,173
12,174
12,175
12,176
12,177
12,178
13,179
13,180
13,181
13,182
13,183
13,184
13,185
13,186
14,187
14,188
14,189
14,190
14,191
14,192
14,193
14,194
14,195
15,196
15,197
15,198
15,199
15,200
15,201
15,202
15,203
15,204
15,205
15,206
15,207
